episode_length,episode_return,episodes,steps,steps_per_second
764,-21.0,1,764,147.91062795064428
838,-20.0,2,1602,26.15600021393165
