episode_length,episode_return,episodes,steps,steps_per_second
866,-20.0,1,866,146.9445574316758
764,-21.0,2,1630,24.874386441946484
764,-21.0,3,2394,24.252758374816285
