episode_length,episode_return,episodes,steps,steps_per_second
824,-21.0,1,824,141.72619465944092
824,-21.0,2,1648,25.378773469042926
764,-21.0,3,2412,24.74791592075473
764,-21.0,4,3176,24.11863794700284
764,-21.0,5,3940,24.933093350347505
764,-21.0,6,4704,23.785513597802776
824,-21.0,7,5528,23.926626994596923
764,-21.0,8,6292,24.405825507571112
764,-21.0,9,7056,24.356134529574167
