episode_length,episode_return,episodes,steps,steps_per_second
764,-21.0,1,764,199.66743298991685
824,-21.0,2,1588,38.02270988194412
792,-21.0,3,2380,104.90637417882829
