episode_length,episode_return,episodes,steps,steps_per_second
764,-21.0,1,764,156.41417345672315
764,-21.0,2,1528,28.614819336757876
