episode_length,episode_return,episodes,steps,steps_per_second
884,-21.0,1,884,242.41665882096956
764,-21.0,2,1648,69.22595162430966
842,-20.0,3,2490,99.69813563623083
