episode_length,episode_return,episodes,steps,steps_per_second
764,-21.0,1,764,213.02754125950403
764,-21.0,2,1528,41.34307833830267
764,-21.0,3,2292,100.84880076896209
764,-21.0,4,3056,85.41234266529888
